CustomerID,Recency,Frequency,Monetary,R_Score,F_Score,M_Score,R,F,M,RFM_Segment,RFM_Score,Customer_Segment,Churn_Risk_Score
12346,326,1,77183.6,1,1,4,1,1,4,114,6,Lost Customers,4.0
12350,310,1,334.4,1,1,2,1,1,2,112,4,Lost Customers,4.0
12353,204,1,89.0,1,1,1,1,1,1,111,3,Lost Customers,4.0
12354,232,1,1079.4,1,1,3,1,1,3,113,5,Lost Customers,4.0
12355,214,1,459.4,1,1,2,1,1,2,112,4,Lost Customers,4.0
12361,287,1,189.9,1,1,1,1,1,1,111,3,Lost Customers,4.0
12365,291,2,641.38,1,2,2,1,2,2,122,5,Lost Customers,3.6
12373,311,1,364.6,1,1,2,1,1,2,112,4,Lost Customers,4.0
12377,315,2,1628.12,1,2,3,1,2,3,123,6,Lost Customers,3.6
12386,338,2,401.9,1,2,2,1,2,2,122,5,Lost Customers,3.6
12401,303,1,84.3,1,1,1,1,1,1,111,3,Lost Customers,4.0
12402,323,1,225.6,1,1,1,1,1,1,111,3,Lost Customers,4.0
12405,149,1,1710.39,1,1,4,1,1,4,114,6,Lost Customers,4.0
12410,309,2,693.3299999999999,1,2,3,1,2,3,123,6,Lost Customers,3.6
12424,163,2,1760.96,1,2,4,1,2,4,124,7,Potential Loyalists,3.6
12426,195,1,582.73,1,1,2,1,1,2,112,4,Lost Customers,4.0
12441,367,1,173.55,1,1,1,1,1,1,111,3,Lost Customers,4.0
12447,243,1,476.49,1,1,2,1,1,2,112,4,Lost Customers,4.0
12450,156,2,197.88,1,2,1,1,2,1,121,4,Lost Customers,3.6
12468,188,2,729.5400000000001,1,2,3,1,2,3,123,6,Lost Customers,3.6
12489,336,1,334.93,1,1,2,1,1,2,112,4,Lost Customers,4.0
12493,166,2,433.74,1,2,2,1,2,2,122,5,Lost Customers,3.6
12501,337,1,2169.39,1,1,4,1,1,4,114,6,Lost Customers,4.0
12506,233,1,73.5,1,1,1,1,1,1,111,3,Lost Customers,4.0
12509,284,1,176.5,1,1,1,1,1,1,111,3,Lost Customers,4.0
12510,143,2,982.5699999999999,1,2,3,1,2,3,123,6,Lost Customers,3.6
12514,267,1,1017.68,1,1,3,1,1,3,113,5,Lost Customers,4.0
12515,353,1,383.7,1,1,2,1,1,2,112,4,Lost Customers,4.0
12521,143,1,599.68,1,1,2,1,1,2,112,4,Lost Customers,4.0
12547,198,2,207.79999999999998,1,2,1,1,2,1,121,4,Lost Customers,3.6
12548,166,1,95.19999999999999,1,1,1,1,1,1,111,3,Lost Customers,4.0
12551,358,1,168.0,1,1,1,1,1,1,111,3,Lost Customers,4.0
12559,311,2,561.71,1,2,2,1,2,2,122,5,Lost Customers,3.6
12561,303,1,238.85,1,1,1,1,1,1,111,3,Lost Customers,4.0
12564,261,1,456.9,1,1,2,1,1,2,112,4,Lost Customers,4.0
12565,289,1,145.92,1,1,1,1,1,1,111,3,Lost Customers,4.0
12573,227,1,160.54000000000002,1,1,1,1,1,1,111,3,Lost Customers,4.0
12574,316,1,218.45,1,1,1,1,1,1,111,3,Lost Customers,4.0
12580,247,1,415.7,1,1,2,1,1,2,112,4,Lost Customers,4.0
12582,239,2,511.36,1,2,2,1,2,2,122,5,Lost Customers,3.6
12585,234,2,2040.1,1,2,4,1,2,4,124,7,Potential Loyalists,3.6
12590,211,2,9864.26,1,2,4,1,2,4,124,7,Potential Loyalists,3.6
12591,317,1,452.84999999999997,1,1,2,1,1,2,112,4,Lost Customers,4.0
12614,278,1,315.6,1,1,2,1,1,2,112,4,Lost Customers,4.0
12622,232,1,180.1,1,1,1,1,1,1,111,3,Lost Customers,4.0
12623,276,1,305.1,1,1,1,1,1,1,111,3,Lost Customers,4.0
12625,212,2,2683.82,1,2,4,1,2,4,124,7,Potential Loyalists,3.6
12639,239,1,486.1,1,1,2,1,1,2,112,4,Lost Customers,4.0
12648,155,1,318.05,1,1,2,1,1,2,112,4,Lost Customers,4.0
12651,335,1,114.0,1,1,1,1,1,1,111,3,Lost Customers,4.0
12652,331,1,919.98,1,1,3,1,1,3,113,5,Lost Customers,4.0
12653,149,2,2209.85,1,2,4,1,2,4,124,7,Potential Loyalists,3.6
12665,325,1,63.0,1,1,1,1,1,1,111,3,Lost Customers,4.0
12672,330,1,225.89999999999998,1,1,1,1,1,1,111,3,Lost Customers,4.0
12686,372,1,89.14,1,1,1,1,1,1,111,3,Lost Customers,4.0
12690,206,1,389.01,1,1,2,1,1,2,112,4,Lost Customers,4.0
12707,292,1,603.42,1,1,2,1,1,2,112,4,Lost Customers,4.0
12717,151,2,1030.98,1,2,3,1,2,3,123,6,Lost Customers,3.6
12725,371,1,427.8,1,1,2,1,1,2,112,4,Lost Customers,4.0
12732,180,1,236.26000000000002,1,1,1,1,1,1,111,3,Lost Customers,4.0
12733,234,1,383.95,1,1,2,1,1,2,112,4,Lost Customers,4.0
12734,353,1,110.39999999999999,1,1,1,1,1,1,111,3,Lost Customers,4.0
12735,315,2,779.5699999999999,1,2,3,1,2,3,123,6,Lost Customers,3.6
12736,333,1,234.0,1,1,1,1,1,1,111,3,Lost Customers,4.0
12738,372,1,155.35,1,1,1,1,1,1,111,3,Lost Customers,4.0
12755,281,2,3811.95,1,2,4,1,2,4,124,7,Potential Loyalists,3.6
12764,317,1,1693.88,1,1,4,1,1,4,114,6,Lost Customers,4.0
12769,239,1,1143.6,1,1,3,1,1,3,113,5,Lost Customers,4.0
12770,211,1,1351.45,1,1,3,1,1,3,113,5,Lost Customers,4.0
12785,364,1,311.95,1,1,2,1,1,2,112,4,Lost Customers,4.0
12790,192,1,324.92,1,1,2,1,1,2,112,4,Lost Customers,4.0
12791,374,1,192.60000000000002,1,1,1,1,1,1,111,3,Lost Customers,4.0
12792,257,1,400.53999999999996,1,1,2,1,1,2,112,4,Lost Customers,4.0
12793,335,2,545.48,1,2,2,1,2,2,122,5,Lost Customers,3.6
12797,366,1,254.03,1,1,1,1,1,1,111,3,Lost Customers,4.0
12802,187,1,427.58,1,1,2,1,1,2,112,4,Lost Customers,4.0
12809,178,1,489.31,1,1,2,1,1,2,112,4,Lost Customers,4.0
12815,148,2,1063.46,1,2,3,1,2,3,123,6,Lost Customers,3.6
12817,281,1,166.04,1,1,1,1,1,1,111,3,Lost Customers,4.0
12818,262,1,1542.08,1,1,3,1,1,3,113,5,Lost Customers,4.0
12821,214,1,92.72,1,1,1,1,1,1,111,3,Lost Customers,4.0
12829,337,2,293.0,1,2,1,1,2,1,121,4,Lost Customers,3.6
12831,262,1,215.05,1,1,1,1,1,1,111,3,Lost Customers,4.0
12833,145,1,417.38,1,1,2,1,1,2,112,4,Lost Customers,4.0
12834,283,1,312.38,1,1,2,1,1,2,112,4,Lost Customers,4.0
12837,173,1,134.1,1,1,1,1,1,1,111,3,Lost Customers,4.0
12852,295,1,311.55,1,1,2,1,1,2,112,4,Lost Customers,4.0
12855,373,1,38.1,1,1,1,1,1,1,111,3,Lost Customers,4.0
12857,211,2,1106.4,1,2,3,1,2,3,123,6,Lost Customers,3.6
12866,283,1,559.12,1,1,2,1,1,2,112,4,Lost Customers,4.0
12872,327,2,599.97,1,2,2,1,2,2,122,5,Lost Customers,3.6
12873,282,1,374.0,1,1,2,1,1,2,112,4,Lost Customers,4.0
12875,143,2,343.2300000000001,1,2,2,1,2,2,122,5,Lost Customers,3.6
12878,236,2,854.99,1,2,3,1,2,3,123,6,Lost Customers,3.6
12881,276,1,298.0,1,1,1,1,1,1,111,3,Lost Customers,4.0
12888,214,2,354.12,1,2,2,1,2,2,122,5,Lost Customers,3.6
12897,205,2,216.5,1,2,1,1,2,1,121,4,Lost Customers,3.6
12902,265,1,138.68,1,1,1,1,1,1,111,3,Lost Customers,4.0
12908,176,2,750.0,1,2,3,1,2,3,123,6,Lost Customers,3.6
12915,149,2,363.65,1,2,2,1,2,2,122,5,Lost Customers,3.6
12922,161,1,405.38,1,1,2,1,1,2,112,4,Lost Customers,4.0
12929,312,1,117.85,1,1,1,1,1,1,111,3,Lost Customers,4.0
12945,288,1,462.95,1,1,2,1,1,2,112,4,Lost Customers,4.0
12956,306,1,108.07,1,1,1,1,1,1,111,3,Lost Customers,4.0
12967,358,2,1660.9,1,2,4,1,2,4,124,7,Potential Loyalists,3.6
12974,198,1,144.8,1,1,1,1,1,1,111,3,Lost Customers,4.0
12976,212,1,738.6,1,1,3,1,1,3,113,5,Lost Customers,4.0
12977,156,1,39.239999999999995,1,1,1,1,1,1,111,3,Lost Customers,4.0
12982,243,1,390.54,1,1,2,1,1,2,112,4,Lost Customers,4.0
12988,292,1,505.82,1,1,2,1,1,2,112,4,Lost Customers,4.0
13002,318,1,120.94999999999999,1,1,1,1,1,1,111,3,Lost Customers,4.0
13005,174,2,513.7,1,2,2,1,2,2,122,5,Lost Customers,3.6
13008,323,1,229.46999999999997,1,1,1,1,1,1,111,3,Lost Customers,4.0
13011,372,1,50.550000000000004,1,1,1,1,1,1,111,3,Lost Customers,4.0
13033,357,1,190.55,1,1,1,1,1,1,111,3,Lost Customers,4.0
13043,273,1,516.42,1,1,2,1,1,2,112,4,Lost Customers,4.0
13044,291,1,560.47,1,1,2,1,1,2,112,4,Lost Customers,4.0
13052,212,1,348.15000000000003,1,1,2,1,1,2,112,4,Lost Customers,4.0
13059,250,1,183.4,1,1,1,1,1,1,111,3,Lost Customers,4.0
13060,254,1,307.53,1,1,2,1,1,2,112,4,Lost Customers,4.0
13062,191,1,346.98,1,1,2,1,1,2,112,4,Lost Customers,4.0
13065,373,1,205.86,1,1,1,1,1,1,111,3,Lost Customers,4.0
13070,192,1,228.8,1,1,1,1,1,1,111,3,Lost Customers,4.0
13072,267,1,177.15,1,1,1,1,1,1,111,3,Lost Customers,4.0
13080,179,1,58.08,1,1,1,1,1,1,111,3,Lost Customers,4.0
13085,158,2,416.08000000000004,1,2,2,1,2,2,122,5,Lost Customers,3.6
13101,234,1,101.19,1,1,1,1,1,1,111,3,Lost Customers,4.0
13108,373,1,350.06,1,1,2,1,1,2,112,4,Lost Customers,4.0
13120,239,1,30.599999999999998,1,1,1,1,1,1,111,3,Lost Customers,4.0
13121,269,1,283.73,1,1,1,1,1,1,111,3,Lost Customers,4.0
13132,262,1,77.3,1,1,1,1,1,1,111,3,Lost Customers,4.0
13133,274,2,109.8,1,2,1,1,2,1,121,4,Lost Customers,3.6
13135,197,1,3096.0,1,1,4,1,1,4,114,6,Lost Customers,4.0
13144,333,1,110.95,1,1,1,1,1,1,111,3,Lost Customers,4.0
13151,296,1,1257.8700000000001,1,1,3,1,1,3,113,5,Lost Customers,4.0
13161,313,1,112.75,1,1,1,1,1,1,111,3,Lost Customers,4.0
13166,283,1,417.2,1,1,2,1,1,2,112,4,Lost Customers,4.0
13185,268,1,71.4,1,1,1,1,1,1,111,3,Lost Customers,4.0
13187,337,1,236.02,1,1,1,1,1,1,111,3,Lost Customers,4.0
13216,268,1,333.74,1,1,2,1,1,2,112,4,Lost Customers,4.0
13221,240,2,847.41,1,2,3,1,2,3,123,6,Lost Customers,3.6
13223,200,2,163.20000000000002,1,2,1,1,2,1,121,4,Lost Customers,3.6
13226,273,1,108.21000000000001,1,1,1,1,1,1,111,3,Lost Customers,4.0
13227,202,1,257.7,1,1,1,1,1,1,111,3,Lost Customers,4.0
13229,226,1,160.95,1,1,1,1,1,1,111,3,Lost Customers,4.0
13235,212,1,1031.07,1,1,3,1,1,3,113,5,Lost Customers,4.0
13239,262,1,329.56,1,1,2,1,1,2,112,4,Lost Customers,4.0
13243,203,1,585.12,1,1,2,1,1,2,112,4,Lost Customers,4.0
13253,157,2,1030.4,1,2,3,1,2,3,123,6,Lost Customers,3.6
13261,269,2,944.1,1,2,3,1,2,3,123,6,Lost Customers,3.6
13262,263,1,200.29,1,1,1,1,1,1,111,3,Lost Customers,4.0
13270,366,1,590.0,1,1,2,1,1,2,112,4,Lost Customers,4.0
13284,331,1,201.19,1,1,1,1,1,1,111,3,Lost Customers,4.0
13291,156,1,361.11,1,1,2,1,1,2,112,4,Lost Customers,4.0
13294,190,2,873.74,1,2,3,1,2,3,123,6,Lost Customers,3.6
13295,360,1,201.20000000000002,1,1,1,1,1,1,111,3,Lost Customers,4.0
13299,268,1,142.5,1,1,1,1,1,1,111,3,Lost Customers,4.0
13300,169,1,371.89,1,1,2,1,1,2,112,4,Lost Customers,4.0
13302,155,1,63.75,1,1,1,1,1,1,111,3,Lost Customers,4.0
13304,351,1,300.42,1,1,1,1,1,1,111,3,Lost Customers,4.0
13328,316,1,1308.48,1,1,3,1,1,3,113,5,Lost Customers,4.0
13338,158,1,487.02,1,1,2,1,1,2,112,4,Lost Customers,4.0
13339,201,1,860.12,1,1,3,1,1,3,113,5,Lost Customers,4.0
13341,261,1,775.85,1,1,3,1,1,3,113,5,Lost Customers,4.0
13343,178,1,353.43,1,1,2,1,1,2,112,4,Lost Customers,4.0
13345,288,1,389.5,1,1,2,1,1,2,112,4,Lost Customers,4.0
13357,257,1,609.4,1,1,2,1,1,2,112,4,Lost Customers,4.0
13358,269,1,439.03,1,1,2,1,1,2,112,4,Lost Customers,4.0
13368,257,2,623.4,1,2,2,1,2,2,122,5,Lost Customers,3.6
13369,366,1,308.28000000000003,1,1,2,1,1,2,112,4,Lost Customers,4.0
13370,372,1,754.87,1,1,3,1,1,3,113,5,Lost Customers,4.0
13382,281,1,222.99,1,1,1,1,1,1,111,3,Lost Customers,4.0
13385,330,1,534.57,1,1,2,1,1,2,112,4,Lost Customers,4.0
13391,204,1,59.8,1,1,1,1,1,1,111,3,Lost Customers,4.0
13395,185,1,307.72,1,1,2,1,1,2,112,4,Lost Customers,4.0
13398,192,1,457.34,1,1,2,1,1,2,112,4,Lost Customers,4.0
13420,150,2,159.85,1,2,1,1,2,1,121,4,Lost Customers,3.6
13439,255,1,283.71,1,1,1,1,1,1,111,3,Lost Customers,4.0
13452,259,2,590.0,1,2,2,1,2,2,122,5,Lost Customers,3.6
13453,166,2,356.97999999999996,1,2,2,1,2,2,122,5,Lost Customers,3.6
13462,253,1,151.5,1,1,1,1,1,1,111,3,Lost Customers,4.0
13466,184,1,307.9,1,1,2,1,1,2,112,4,Lost Customers,4.0
13474,236,1,226.84,1,1,1,1,1,1,111,3,Lost Customers,4.0
13476,179,2,1238.47,1,2,3,1,2,3,123,6,Lost Customers,3.6
13479,201,2,300.95,1,2,1,1,2,1,121,4,Lost Customers,3.6
13482,232,1,184.64,1,1,1,1,1,1,111,3,Lost Customers,4.0
13484,241,1,313.8,1,1,2,1,1,2,112,4,Lost Customers,4.0
13485,233,1,454.24,1,1,2,1,1,2,112,4,Lost Customers,4.0
13493,275,2,618.63,1,2,2,1,2,2,122,5,Lost Customers,3.6
13494,312,1,316.26000000000005,1,1,2,1,1,2,112,4,Lost Customers,4.0
13497,283,2,348.05,1,2,2,1,2,2,122,5,Lost Customers,3.6
13501,288,1,1340.32,1,1,3,1,1,3,113,5,Lost Customers,4.0
13506,316,2,458.52,1,2,2,1,2,2,122,5,Lost Customers,3.6
13508,244,1,110.97,1,1,1,1,1,1,111,3,Lost Customers,4.0
13512,261,1,251.21,1,1,1,1,1,1,111,3,Lost Customers,4.0
13531,205,2,483.8,1,2,2,1,2,2,122,5,Lost Customers,3.6
13551,319,1,91.80000000000001,1,1,1,1,1,1,111,3,Lost Customers,4.0
13561,216,1,141.85999999999999,1,1,1,1,1,1,111,3,Lost Customers,4.0
13568,173,1,187.05,1,1,1,1,1,1,111,3,Lost Customers,4.0
13570,243,1,239.49,1,1,1,1,1,1,111,3,Lost Customers,4.0
13572,206,1,1384.25,1,1,3,1,1,3,113,5,Lost Customers,4.0
13581,309,1,118.0,1,1,1,1,1,1,111,3,Lost Customers,4.0
13583,156,1,781.03,1,1,3,1,1,3,113,5,Lost Customers,4.0
13584,307,1,142.4,1,1,1,1,1,1,111,3,Lost Customers,4.0
13600,312,1,219.52,1,1,1,1,1,1,111,3,Lost Customers,4.0
13615,319,1,417.69,1,1,2,1,1,2,112,4,Lost Customers,4.0
13618,174,1,177.34,1,1,1,1,1,1,111,3,Lost Customers,4.0
13626,253,1,257.23,1,1,1,1,1,1,111,3,Lost Customers,4.0
13642,216,1,312.28,1,1,2,1,1,2,112,4,Lost Customers,4.0
13649,257,2,346.6,1,2,2,1,2,2,122,5,Lost Customers,3.6
13656,165,2,379.65,1,2,2,1,2,2,122,5,Lost Customers,3.6
13659,206,2,1563.0,1,2,3,1,2,3,123,6,Lost Customers,3.6
13663,179,1,189.47,1,1,1,1,1,1,111,3,Lost Customers,4.0
13667,149,1,299.05,1,1,1,1,1,1,111,3,Lost Customers,4.0
13672,301,2,186.39000000000001,1,2,1,1,2,1,121,4,Lost Customers,3.6
13675,151,2,486.82000000000005,1,2,2,1,2,2,122,5,Lost Customers,3.6
13678,152,1,232.6,1,1,1,1,1,1,111,3,Lost Customers,4.0
13682,187,1,59.5,1,1,1,1,1,1,111,3,Lost Customers,4.0
13684,286,1,65.13,1,1,1,1,1,1,111,3,Lost Customers,4.0
13686,183,1,72.0,1,1,1,1,1,1,111,3,Lost Customers,4.0
13699,155,1,308.58000000000004,1,1,2,1,1,2,112,4,Lost Customers,4.0
13703,318,1,99.5,1,1,1,1,1,1,111,3,Lost Customers,4.0
13706,303,1,330.79,1,1,2,1,1,2,112,4,Lost Customers,4.0
13707,267,2,806.41,1,2,3,1,2,3,123,6,Lost Customers,3.6
13708,271,1,285.33,1,1,1,1,1,1,111,3,Lost Customers,4.0
13711,219,2,252.06,1,2,1,1,2,1,121,4,Lost Customers,3.6
13712,247,1,228.84,1,1,1,1,1,1,111,3,Lost Customers,4.0
13716,269,1,138.28,1,1,1,1,1,1,111,3,Lost Customers,4.0
13718,246,2,306.55,1,2,2,1,2,2,122,5,Lost Customers,3.6
13723,217,1,199.85000000000002,1,1,1,1,1,1,111,3,Lost Customers,4.0
13731,219,2,610.59,1,2,2,1,2,2,122,5,Lost Customers,3.6
13737,200,1,339.59999999999997,1,1,2,1,1,2,112,4,Lost Customers,4.0
13740,241,1,350.75,1,1,2,1,1,2,112,4,Lost Customers,4.0
13745,162,1,300.04,1,1,1,1,1,1,111,3,Lost Customers,4.0
13747,374,1,79.6,1,1,1,1,1,1,111,3,Lost Customers,4.0
13751,288,1,296.25,1,1,1,1,1,1,111,3,Lost Customers,4.0
13753,288,1,741.26,1,1,3,1,1,3,113,5,Lost Customers,4.0
13754,152,2,282.59999999999997,1,2,1,1,2,1,121,4,Lost Customers,3.6
13762,219,1,306.72,1,1,2,1,1,2,112,4,Lost Customers,4.0
13781,251,1,127.84,1,1,1,1,1,1,111,3,Lost Customers,4.0
13786,367,1,230.39999999999998,1,1,1,1,1,1,111,3,Lost Customers,4.0
13800,310,1,558.32,1,1,2,1,1,2,112,4,Lost Customers,4.0
13803,255,1,277.07,1,1,1,1,1,1,111,3,Lost Customers,4.0
13807,367,1,112.6,1,1,1,1,1,1,111,3,Lost Customers,4.0
13809,305,1,155.05,1,1,1,1,1,1,111,3,Lost Customers,4.0
13821,145,2,385.64,1,2,2,1,2,2,122,5,Lost Customers,3.6
13826,176,1,189.5,1,1,1,1,1,1,111,3,Lost Customers,4.0
13833,159,1,383.85,1,1,2,1,1,2,112,4,Lost Customers,4.0
13837,212,2,266.59000000000003,1,2,1,1,2,1,121,4,Lost Customers,3.6
13841,253,1,85.0,1,1,1,1,1,1,111,3,Lost Customers,4.0
13859,326,1,201.16,1,1,1,1,1,1,111,3,Lost Customers,4.0
13863,248,1,305.78,1,1,1,1,1,1,111,3,Lost Customers,4.0
13874,358,1,540.45,1,1,2,1,1,2,112,4,Lost Customers,4.0
13885,189,2,506.8,1,2,2,1,2,2,122,5,Lost Customers,3.6
13887,204,1,349.55,1,1,2,1,1,2,112,4,Lost Customers,4.0
13893,298,1,821.1,1,1,3,1,1,3,113,5,Lost Customers,4.0
13898,326,1,155.93,1,1,1,1,1,1,111,3,Lost Customers,4.0
13922,352,1,172.25,1,1,1,1,1,1,111,3,Lost Customers,4.0
13929,169,2,842.65,1,2,3,1,2,3,123,6,Lost Customers,3.6
13932,295,1,307.4,1,1,2,1,1,2,112,4,Lost Customers,4.0
13934,264,1,922.1,1,1,3,1,1,3,113,5,Lost Customers,4.0
13936,180,1,376.58,1,1,2,1,1,2,112,4,Lost Customers,4.0
13937,169,1,158.85,1,1,1,1,1,1,111,3,Lost Customers,4.0
13948,361,1,102.0,1,1,1,1,1,1,111,3,Lost Customers,4.0
13952,218,2,3251.071,1,2,4,1,2,4,124,7,Potential Loyalists,3.6
13955,154,2,322.96,1,2,2,1,2,2,122,5,Lost Customers,3.6
13967,146,1,80.7,1,1,1,1,1,1,111,3,Lost Customers,4.0
13973,287,1,264.7,1,1,1,1,1,1,111,3,Lost Customers,4.0
13976,207,1,357.98,1,1,2,1,1,2,112,4,Lost Customers,4.0
13990,213,1,311.3,1,1,2,1,1,2,112,4,Lost Customers,4.0
14000,211,1,635.66,1,1,2,1,1,2,112,4,Lost Customers,4.0
14009,198,2,695.61,1,2,3,1,2,3,123,6,Lost Customers,3.6
14012,278,1,328.8,1,1,2,1,1,2,112,4,Lost Customers,4.0
14022,225,1,440.0,1,1,2,1,1,2,112,4,Lost Customers,4.0
14036,285,1,626.65,1,1,2,1,1,2,112,4,Lost Customers,4.0
14037,176,2,147.20000000000002,1,2,1,1,2,1,121,4,Lost Customers,3.6
14041,266,1,141.41,1,1,1,1,1,1,111,3,Lost Customers,4.0
14046,284,1,154.99,1,1,1,1,1,1,111,3,Lost Customers,4.0
14048,305,1,409.93,1,1,2,1,1,2,112,4,Lost Customers,4.0
14059,267,1,183.6,1,1,1,1,1,1,111,3,Lost Customers,4.0
14066,267,1,152.55,1,1,1,1,1,1,111,3,Lost Customers,4.0
14068,320,1,265.85,1,1,1,1,1,1,111,3,Lost Customers,4.0
14081,302,2,921.62,1,2,3,1,2,3,123,6,Lost Customers,3.6
14082,365,1,182.25,1,1,1,1,1,1,111,3,Lost Customers,4.0
14090,325,1,76.32000000000001,1,1,1,1,1,1,111,3,Lost Customers,4.0
14104,155,2,216.20999999999998,1,2,1,1,2,1,121,4,Lost Customers,3.6
14105,239,1,1266.23,1,1,3,1,1,3,113,5,Lost Customers,4.0
14114,274,2,386.53,1,2,2,1,2,2,122,5,Lost Customers,3.6
14117,144,1,90.0,1,1,1,1,1,1,111,3,Lost Customers,4.0
14130,319,1,480.91,1,1,2,1,1,2,112,4,Lost Customers,4.0
14142,373,1,311.81,1,1,2,1,1,2,112,4,Lost Customers,4.0
14148,234,1,157.2,1,1,1,1,1,1,111,3,Lost Customers,4.0
14149,221,1,446.62,1,1,2,1,1,2,112,4,Lost Customers,4.0
14154,239,2,1345.62,1,2,3,1,2,3,123,6,Lost Customers,3.6
14155,266,1,118.75,1,1,1,1,1,1,111,3,Lost Customers,4.0
14162,174,2,289.36,1,2,1,1,2,1,121,4,Lost Customers,3.6
14165,276,1,120.44,1,1,1,1,1,1,111,3,Lost Customers,4.0
14185,331,1,197.65,1,1,1,1,1,1,111,3,Lost Customers,4.0
14195,202,2,1012.0,1,2,3,1,2,3,123,6,Lost Customers,3.6
14199,218,1,185.39999999999998,1,1,1,1,1,1,111,3,Lost Customers,4.0
14206,239,1,328.15999999999997,1,1,2,1,1,2,112,4,Lost Customers,4.0
14220,247,2,632.4,1,2,2,1,2,2,122,5,Lost Customers,3.6
14222,177,1,683.17,1,1,3,1,1,3,113,5,Lost Customers,4.0
14237,373,1,161.0,1,1,1,1,1,1,111,3,Lost Customers,4.0
14238,326,1,146.85,1,1,1,1,1,1,111,3,Lost Customers,4.0
14241,184,1,213.70000000000002,1,1,1,1,1,1,111,3,Lost Customers,4.0
14242,235,2,280.55,1,2,1,1,2,1,121,4,Lost Customers,3.6
14245,220,2,1693.45,1,2,4,1,2,4,124,7,Potential Loyalists,3.6
14247,278,1,136.76999999999998,1,1,1,1,1,1,111,3,Lost Customers,4.0
14248,318,1,302.58,1,1,1,1,1,1,111,3,Lost Customers,4.0
14256,260,2,969.0600000000001,1,2,3,1,2,3,123,6,Lost Customers,3.6
14264,155,2,333.97,1,2,2,1,2,2,122,5,Lost Customers,3.6
14270,332,1,492.65000000000003,1,1,2,1,1,2,112,4,Lost Customers,4.0
14271,226,1,112.32,1,1,1,1,1,1,111,3,Lost Customers,4.0
14280,197,1,134.04,1,1,1,1,1,1,111,3,Lost Customers,4.0
14288,213,1,426.6,1,1,2,1,1,2,112,4,Lost Customers,4.0
14304,223,1,383.45,1,1,2,1,1,2,112,4,Lost Customers,4.0
14311,243,1,310.26,1,1,2,1,1,2,112,4,Lost Customers,4.0
14320,207,2,477.79,1,2,2,1,2,2,122,5,Lost Customers,3.6
14326,242,1,183.85,1,1,1,1,1,1,111,3,Lost Customers,4.0
14327,163,1,311.65,1,1,2,1,1,2,112,4,Lost Customers,4.0
14338,161,2,588.22,1,2,2,1,2,2,122,5,Lost Customers,3.6
14339,243,1,309.52,1,1,2,1,1,2,112,4,Lost Customers,4.0
14340,219,1,134.7,1,1,1,1,1,1,111,3,Lost Customers,4.0
14348,260,1,409.57,1,1,2,1,1,2,112,4,Lost Customers,4.0
14350,274,1,282.93,1,1,1,1,1,1,111,3,Lost Customers,4.0
14351,165,1,51.0,1,1,1,1,1,1,111,3,Lost Customers,4.0
14353,215,1,90.6,1,1,1,1,1,1,111,3,Lost Customers,4.0
14355,366,1,174.4,1,1,1,1,1,1,111,3,Lost Customers,4.0
14368,320,1,155.0,1,1,1,1,1,1,111,3,Lost Customers,4.0
14371,295,1,100.5,1,1,1,1,1,1,111,3,Lost Customers,4.0
14373,358,1,76.55,1,1,1,1,1,1,111,3,Lost Customers,4.0
14375,185,1,235.56,1,1,1,1,1,1,111,3,Lost Customers,4.0
14377,191,2,617.05,1,2,2,1,2,2,122,5,Lost Customers,3.6
14386,297,1,142.4,1,1,1,1,1,1,111,3,Lost Customers,4.0
14393,218,1,67.95,1,1,1,1,1,1,111,3,Lost Customers,4.0
14400,149,1,574.7,1,1,2,1,1,2,112,4,Lost Customers,4.0
14411,311,1,1063.0,1,1,3,1,1,3,113,5,Lost Customers,4.0
14413,362,1,121.05,1,1,1,1,1,1,111,3,Lost Customers,4.0
14423,218,1,265.2,1,1,1,1,1,1,111,3,Lost Customers,4.0
14431,303,1,470.36,1,1,2,1,1,2,112,4,Lost Customers,4.0
14437,366,1,63.0,1,1,1,1,1,1,111,3,Lost Customers,4.0
14438,306,1,131.9,1,1,1,1,1,1,111,3,Lost Customers,4.0
14439,320,1,2661.24,1,1,4,1,1,4,114,6,Lost Customers,4.0
14442,205,2,1589.82,1,2,3,1,2,3,123,6,Lost Customers,3.6
14453,190,1,119.93,1,1,1,1,1,1,111,3,Lost Customers,4.0
14457,311,1,113.64,1,1,1,1,1,1,111,3,Lost Customers,4.0
14459,155,1,1837.92,1,1,4,1,1,4,114,6,Lost Customers,4.0
14476,257,1,193.0,1,1,1,1,1,1,111,3,Lost Customers,4.0
14479,254,2,316.25,1,2,2,1,2,2,122,5,Lost Customers,3.6
14481,165,2,636.51,1,2,2,1,2,2,122,5,Lost Customers,3.6
14483,282,1,137.1,1,1,1,1,1,1,111,3,Lost Customers,4.0
14489,207,1,463.38,1,1,2,1,1,2,112,4,Lost Customers,4.0
14491,175,2,340.93,1,2,2,1,2,2,122,5,Lost Customers,3.6
14496,312,2,538.8100000000001,1,2,2,1,2,2,122,5,Lost Customers,3.6
14497,309,1,475.37,1,1,2,1,1,2,112,4,Lost Customers,4.0
14501,184,2,251.21,1,2,1,1,2,1,121,4,Lost Customers,3.6
14512,188,2,275.28,1,2,1,1,2,1,121,4,Lost Customers,3.6
14536,260,1,170.95,1,1,1,1,1,1,111,3,Lost Customers,4.0
14542,186,1,103.25,1,1,1,1,1,1,111,3,Lost Customers,4.0
14548,151,2,652.8,1,2,2,1,2,2,122,5,Lost Customers,3.6
14549,311,1,289.24,1,1,1,1,1,1,111,3,Lost Customers,4.0
14552,152,1,164.22,1,1,1,1,1,1,111,3,Lost Customers,4.0
14570,281,2,218.06,1,2,1,1,2,1,121,4,Lost Customers,3.6
14576,372,1,35.400000000000006,1,1,1,1,1,1,111,3,Lost Customers,4.0
14586,277,1,237.36,1,1,1,1,1,1,111,3,Lost Customers,4.0
14589,372,1,39.75,1,1,1,1,1,1,111,3,Lost Customers,4.0
14600,306,1,393.33000000000004,1,1,2,1,1,2,112,4,Lost Customers,4.0
14603,275,1,660.0,1,1,2,1,1,2,112,4,Lost Customers,4.0
14619,246,1,394.44,1,1,2,1,1,2,112,4,Lost Customers,4.0
14620,206,2,412.78000000000003,1,2,2,1,2,2,122,5,Lost Customers,3.6
14622,185,1,320.58000000000004,1,1,2,1,1,2,112,4,Lost Customers,4.0
14625,196,2,899.63,1,2,3,1,2,3,123,6,Lost Customers,3.6
14632,263,1,114.56,1,1,1,1,1,1,111,3,Lost Customers,4.0
14633,266,1,344.90000000000003,1,1,2,1,1,2,112,4,Lost Customers,4.0
14643,170,2,693.8100000000001,1,2,3,1,2,3,123,6,Lost Customers,3.6
14645,157,2,597.09,1,2,2,1,2,2,122,5,Lost Customers,3.6
14647,201,1,236.04000000000002,1,1,1,1,1,1,111,3,Lost Customers,4.0
14656,169,2,291.05,1,2,1,1,2,1,121,4,Lost Customers,3.6
14670,280,2,392.86,1,2,2,1,2,2,122,5,Lost Customers,3.6
14672,235,2,765.55,1,2,3,1,2,3,123,6,Lost Customers,3.6
14682,188,2,52.0,1,2,1,1,2,1,121,4,Lost Customers,3.6
14689,209,1,112.8,1,1,1,1,1,1,111,3,Lost Customers,4.0
14693,265,1,172.9,1,1,1,1,1,1,111,3,Lost Customers,4.0
14697,218,2,188.60999999999999,1,2,1,1,2,1,121,4,Lost Customers,3.6
14699,214,1,109.13000000000001,1,1,1,1,1,1,111,3,Lost Customers,4.0
14705,199,1,179.0,1,1,1,1,1,1,111,3,Lost Customers,4.0
14722,147,1,180.42000000000002,1,1,1,1,1,1,111,3,Lost Customers,4.0
14727,274,1,268.58,1,1,1,1,1,1,111,3,Lost Customers,4.0
14729,374,1,313.49,1,1,2,1,1,2,112,4,Lost Customers,4.0
14747,249,1,328.2,1,1,2,1,1,2,112,4,Lost Customers,4.0
14760,297,1,89.2,1,1,1,1,1,1,111,3,Lost Customers,4.0
14762,264,1,300.52,1,1,1,1,1,1,111,3,Lost Customers,4.0
14770,232,2,876.42,1,2,3,1,2,3,123,6,Lost Customers,3.6
14782,320,1,200.10000000000002,1,1,1,1,1,1,111,3,Lost Customers,4.0
14795,166,1,131.45000000000002,1,1,1,1,1,1,111,3,Lost Customers,4.0
14813,370,2,152.88,1,2,1,1,2,1,121,4,Lost Customers,3.6
14816,197,1,271.85,1,1,1,1,1,1,111,3,Lost Customers,4.0
14817,200,2,1110.34,1,2,3,1,2,3,123,6,Lost Customers,3.6
14821,367,1,48.800000000000004,1,1,1,1,1,1,111,3,Lost Customers,4.0
14840,268,1,62.85,1,1,1,1,1,1,111,3,Lost Customers,4.0
14847,149,1,309.4,1,1,2,1,1,2,112,4,Lost Customers,4.0
14850,312,1,325.75,1,1,2,1,1,2,112,4,Lost Customers,4.0
14870,262,1,327.25,1,1,2,1,1,2,112,4,Lost Customers,4.0
14873,210,1,519.68,1,1,2,1,1,2,112,4,Lost Customers,4.0
14886,253,1,364.8,1,1,2,1,1,2,112,4,Lost Customers,4.0
14888,207,1,369.2,1,1,2,1,1,2,112,4,Lost Customers,4.0
14889,336,1,135.9,1,1,1,1,1,1,111,3,Lost Customers,4.0
14890,254,1,125.65,1,1,1,1,1,1,111,3,Lost Customers,4.0
14891,148,2,554.38,1,2,2,1,2,2,122,5,Lost Customers,3.6
14896,205,2,468.77000000000004,1,2,2,1,2,2,122,5,Lost Customers,3.6
14905,158,2,616.15,1,2,2,1,2,2,122,5,Lost Customers,3.6
14920,213,2,977.77,1,2,3,1,2,3,123,6,Lost Customers,3.6
14924,246,1,310.05,1,1,2,1,1,2,112,4,Lost Customers,4.0
14932,366,1,363.53,1,1,2,1,1,2,112,4,Lost Customers,4.0
14935,297,1,1784.71,1,1,4,1,1,4,114,6,Lost Customers,4.0
14957,253,1,58.49,1,1,1,1,1,1,111,3,Lost Customers,4.0
14962,271,1,126.7,1,1,1,1,1,1,111,3,Lost Customers,4.0
14964,247,1,206.21,1,1,1,1,1,1,111,3,Lost Customers,4.0
14981,246,1,102.12,1,1,1,1,1,1,111,3,Lost Customers,4.0
14985,198,2,292.01,1,2,1,1,2,1,121,4,Lost Customers,3.6
14988,212,1,334.54,1,1,2,1,1,2,112,4,Lost Customers,4.0
14998,170,2,414.87,1,2,2,1,2,2,122,5,Lost Customers,3.6
15004,147,1,1220.77,1,1,3,1,1,3,113,5,Lost Customers,4.0
15007,159,1,156.91,1,1,1,1,1,1,111,3,Lost Customers,4.0
15016,173,1,170.04,1,1,1,1,1,1,111,3,Lost Customers,4.0
15019,267,1,252.81,1,1,1,1,1,1,111,3,Lost Customers,4.0
15041,170,1,179.93,1,1,1,1,1,1,111,3,Lost Customers,4.0
15042,199,1,135.93,1,1,1,1,1,1,111,3,Lost Customers,4.0
15045,152,2,735.66,1,2,3,1,2,3,123,6,Lost Customers,3.6
15047,270,1,343.62,1,1,2,1,1,2,112,4,Lost Customers,4.0
15049,274,1,121.17000000000002,1,1,1,1,1,1,111,3,Lost Customers,4.0
15052,319,1,207.73000000000002,1,1,1,1,1,1,111,3,Lost Customers,4.0
15057,275,2,1489.5,1,2,3,1,2,3,123,6,Lost Customers,3.6
15063,213,1,370.79999999999995,1,1,2,1,1,2,112,4,Lost Customers,4.0
15069,179,1,1109.53,1,1,3,1,1,3,113,5,Lost Customers,4.0
15070,373,1,106.2,1,1,1,1,1,1,111,3,Lost Customers,4.0
15076,173,1,880.85,1,1,3,1,1,3,113,5,Lost Customers,4.0
15083,257,1,88.2,1,1,1,1,1,1,111,3,Lost Customers,4.0
15087,282,1,306.94,1,1,2,1,1,2,112,4,Lost Customers,4.0
15090,308,1,381.32,1,1,2,1,1,2,112,4,Lost Customers,4.0
15092,215,2,457.81,1,2,2,1,2,2,122,5,Lost Customers,3.6
15104,197,2,993.54,1,2,3,1,2,3,123,6,Lost Customers,3.6
15109,246,1,484.95,1,1,2,1,1,2,112,4,Lost Customers,4.0
15119,246,1,266.4,1,1,1,1,1,1,111,3,Lost Customers,4.0
15130,170,1,330.11,1,1,2,1,1,2,112,4,Lost Customers,4.0
15135,239,1,139.05,1,1,1,1,1,1,111,3,Lost Customers,4.0
15139,240,2,178.96,1,2,1,1,2,1,121,4,Lost Customers,3.6
15143,226,1,259.45,1,1,1,1,1,1,111,3,Lost Customers,4.0
15146,165,2,1327.16,1,2,3,1,2,3,123,6,Lost Customers,3.6
15147,240,1,623.5,1,1,2,1,1,2,112,4,Lost Customers,4.0
15160,357,1,158.16,1,1,1,1,1,1,111,3,Lost Customers,4.0
15165,373,1,487.75,1,1,2,1,1,2,112,4,Lost Customers,4.0
15167,321,1,158.8,1,1,1,1,1,1,111,3,Lost Customers,4.0
15171,331,1,1289.5,1,1,3,1,1,3,113,5,Lost Customers,4.0
15174,323,1,135.75,1,1,1,1,1,1,111,3,Lost Customers,4.0
15178,260,1,40.5,1,1,1,1,1,1,111,3,Lost Customers,4.0
15180,367,1,87.5,1,1,1,1,1,1,111,3,Lost Customers,4.0
15182,154,2,622.85,1,2,2,1,2,2,122,5,Lost Customers,3.6
15204,357,1,316.58,1,1,2,1,1,2,112,4,Lost Customers,4.0
15210,225,1,331.18,1,1,2,1,1,2,112,4,Lost Customers,4.0
15212,241,1,101.8,1,1,1,1,1,1,111,3,Lost Customers,4.0
15213,319,2,328.35,1,2,2,1,2,2,122,5,Lost Customers,3.6
15219,176,1,305.75,1,1,1,1,1,1,111,3,Lost Customers,4.0
15221,366,1,403.25,1,1,2,1,1,2,112,4,Lost Customers,4.0
15222,319,1,585.0,1,1,2,1,1,2,112,4,Lost Customers,4.0
15223,226,2,755.75,1,2,3,1,2,3,123,6,Lost Customers,3.6
15224,358,2,322.08,1,2,2,1,2,2,122,5,Lost Customers,3.6
15225,234,1,409.40000000000003,1,1,2,1,1,2,112,4,Lost Customers,4.0
15226,311,1,154.41,1,1,1,1,1,1,111,3,Lost Customers,4.0
15230,239,2,429.6,1,2,2,1,2,2,122,5,Lost Customers,3.6
15234,277,1,197.0,1,1,1,1,1,1,111,3,Lost Customers,4.0
15236,299,1,321.05,1,1,2,1,1,2,112,4,Lost Customers,4.0
15246,238,2,514.15,1,2,2,1,2,2,122,5,Lost Customers,3.6
15256,149,1,98.45,1,1,1,1,1,1,111,3,Lost Customers,4.0
15257,283,1,317.15,1,1,2,1,1,2,112,4,Lost Customers,4.0
15258,169,2,623.16,1,2,2,1,2,2,122,5,Lost Customers,3.6
15262,324,1,178.95000000000002,1,1,1,1,1,1,111,3,Lost Customers,4.0
15265,151,2,1506.1200000000001,1,2,3,1,2,3,123,6,Lost Customers,3.6
15266,338,1,119.3,1,1,1,1,1,1,111,3,Lost Customers,4.0
15279,355,1,290.51,1,1,1,1,1,1,111,3,Lost Customers,4.0
15280,172,1,113.12,1,1,1,1,1,1,111,3,Lost Customers,4.0
15292,201,1,178.39,1,1,1,1,1,1,111,3,Lost Customers,4.0
15303,290,1,574.02,1,1,2,1,1,2,112,4,Lost Customers,4.0
15308,274,1,310.47,1,1,2,1,1,2,112,4,Lost Customers,4.0
15314,199,1,327.97,1,1,2,1,1,2,112,4,Lost Customers,4.0
15316,327,1,165.0,1,1,1,1,1,1,111,3,Lost Customers,4.0
15319,284,1,204.5,1,1,1,1,1,1,111,3,Lost Customers,4.0
15326,334,1,311.71,1,1,2,1,1,2,112,4,Lost Customers,4.0
15333,208,1,1028.56,1,1,3,1,1,3,113,5,Lost Customers,4.0
15346,333,1,252.42000000000002,1,1,1,1,1,1,111,3,Lost Customers,4.0
15347,366,1,201.60000000000002,1,1,1,1,1,1,111,3,Lost Customers,4.0
15349,158,2,463.90999999999997,1,2,2,1,2,2,122,5,Lost Customers,3.6
15350,373,1,115.65,1,1,1,1,1,1,111,3,Lost Customers,4.0
15353,255,2,770.12,1,2,3,1,2,3,123,6,Lost Customers,3.6
15361,362,1,418.92,1,1,2,1,1,2,112,4,Lost Customers,4.0
15363,373,1,326.0,1,1,2,1,1,2,112,4,Lost Customers,4.0
15381,214,2,596.85,1,2,2,1,2,2,122,5,Lost Customers,3.6
15384,170,2,642.41,1,2,2,1,2,2,122,5,Lost Customers,3.6
15386,186,1,394.14,1,1,2,1,1,2,112,4,Lost Customers,4.0
15388,270,1,140.54,1,1,1,1,1,1,111,3,Lost Customers,4.0
15389,172,1,500.0,1,1,2,1,1,2,112,4,Lost Customers,4.0
15395,326,1,107.45,1,1,1,1,1,1,111,3,Lost Customers,4.0
15397,290,1,94.0,1,1,1,1,1,1,111,3,Lost Customers,4.0
15402,149,2,626.77,1,2,2,1,2,2,122,5,Lost Customers,3.6
15405,189,1,349.1,1,1,2,1,1,2,112,4,Lost Customers,4.0
15408,264,1,267.18,1,1,1,1,1,1,111,3,Lost Customers,4.0
15412,171,1,190.53,1,1,1,1,1,1,111,3,Lost Customers,4.0
15415,313,1,559.61,1,1,2,1,1,2,112,4,Lost Customers,4.0
15422,323,2,97.7,1,2,1,1,2,1,121,4,Lost Customers,3.6
15424,254,2,383.34,1,2,2,1,2,2,122,5,Lost Customers,3.6
15433,214,2,533.3,1,2,2,1,2,2,122,5,Lost Customers,3.6
15437,262,1,200.16,1,1,1,1,1,1,111,3,Lost Customers,4.0
15442,249,1,594.0,1,1,2,1,1,2,112,4,Lost Customers,4.0
15445,264,1,113.5,1,1,1,1,1,1,111,3,Lost Customers,4.0
15447,331,1,155.17,1,1,1,1,1,1,111,3,Lost Customers,4.0
15448,313,1,494.64,1,1,2,1,1,2,112,4,Lost Customers,4.0
15454,362,1,179.1,1,1,1,1,1,1,111,3,Lost Customers,4.0
15457,262,1,237.07,1,1,1,1,1,1,111,3,Lost Customers,4.0
15460,354,1,214.26,1,1,1,1,1,1,111,3,Lost Customers,4.0
15464,338,1,1044.65,1,1,3,1,1,3,113,5,Lost Customers,4.0
15503,363,1,141.04,1,1,1,1,1,1,111,3,Lost Customers,4.0
15507,172,1,475.86,1,1,2,1,1,2,112,4,Lost Customers,4.0
15510,331,1,250.0,1,1,1,1,1,1,111,3,Lost Customers,4.0
15512,156,2,121.0,1,2,1,1,2,1,121,4,Lost Customers,3.6
15517,233,1,267.03,1,1,1,1,1,1,111,3,Lost Customers,4.0
15528,254,1,229.33,1,1,1,1,1,1,111,3,Lost Customers,4.0
15537,163,1,110.92,1,1,1,1,1,1,111,3,Lost Customers,4.0
15543,288,1,127.86,1,1,1,1,1,1,111,3,Lost Customers,4.0
15552,217,1,90.12,1,1,1,1,1,1,111,3,Lost Customers,4.0
15554,278,1,217.2,1,1,1,1,1,1,111,3,Lost Customers,4.0
15562,352,1,134.55,1,1,1,1,1,1,111,3,Lost Customers,4.0
15578,162,1,127.1,1,1,1,1,1,1,111,3,Lost Customers,4.0
15585,177,1,455.3,1,1,2,1,1,2,112,4,Lost Customers,4.0
15607,337,1,104.76,1,1,1,1,1,1,111,3,Lost Customers,4.0
15609,184,1,298.48,1,1,1,1,1,1,111,3,Lost Customers,4.0
15648,204,2,639.5,1,2,2,1,2,2,122,5,Lost Customers,3.6
15649,336,2,816.0,1,2,3,1,2,3,123,6,Lost Customers,3.6
15655,243,1,560.67,1,1,2,1,1,2,112,4,Lost Customers,4.0
15661,317,2,309.8,1,2,2,1,2,2,122,5,Lost Customers,3.6
15665,168,2,2222.21,1,2,4,1,2,4,124,7,Potential Loyalists,3.6
15668,218,1,76.32000000000001,1,1,1,1,1,1,111,3,Lost Customers,4.0
15670,297,1,173.05,1,1,1,1,1,1,111,3,Lost Customers,4.0
15691,252,1,136.8,1,1,1,1,1,1,111,3,Lost Customers,4.0
15695,267,2,409.98,1,2,2,1,2,2,122,5,Lost Customers,3.6
15700,172,2,696.68,1,2,3,1,2,3,123,6,Lost Customers,3.6
15703,265,1,211.5,1,1,1,1,1,1,111,3,Lost Customers,4.0
15705,201,1,143.1,1,1,1,1,1,1,111,3,Lost Customers,4.0
15709,284,1,133.25,1,1,1,1,1,1,111,3,Lost Customers,4.0
15713,143,2,356.7,1,2,2,1,2,2,122,5,Lost Customers,3.6
15717,234,1,150.3,1,1,1,1,1,1,111,3,Lost Customers,4.0
15723,365,1,190.7,1,1,1,1,1,1,111,3,Lost Customers,4.0
15724,201,2,218.25,1,2,1,1,2,1,121,4,Lost Customers,3.6
15729,213,1,85.0,1,1,1,1,1,1,111,3,Lost Customers,4.0
15732,212,2,294.12,1,2,1,1,2,1,121,4,Lost Customers,3.6
15733,283,1,162.3,1,1,1,1,1,1,111,3,Lost Customers,4.0
15753,305,1,79.2,1,1,1,1,1,1,111,3,Lost Customers,4.0
15775,245,1,104.9,1,1,1,1,1,1,111,3,Lost Customers,4.0
15789,358,1,351.3,1,1,2,1,1,2,112,4,Lost Customers,4.0
15795,150,1,610.01,1,1,2,1,1,2,112,4,Lost Customers,4.0
15802,143,1,451.42,1,1,2,1,1,2,112,4,Lost Customers,4.0
15813,208,2,1303.9099999999999,1,2,3,1,2,3,123,6,Lost Customers,3.6
15820,320,1,206.98,1,1,1,1,1,1,111,3,Lost Customers,4.0
15823,372,1,15.0,1,1,1,1,1,1,111,3,Lost Customers,4.0
15825,172,1,532.94,1,1,2,1,1,2,112,4,Lost Customers,4.0
15832,254,1,836.79,1,1,3,1,1,3,113,5,Lost Customers,4.0
15843,304,1,118.95000000000002,1,1,1,1,1,1,111,3,Lost Customers,4.0
15852,187,2,160.71,1,2,1,1,2,1,121,4,Lost Customers,3.6
15869,277,2,149.64,1,2,1,1,2,1,121,4,Lost Customers,3.6
15880,369,1,329.03000000000003,1,1,2,1,1,2,112,4,Lost Customers,4.0
15889,157,2,420.07,1,2,2,1,2,2,122,5,Lost Customers,3.6
15891,227,1,511.68,1,1,2,1,1,2,112,4,Lost Customers,4.0
15894,253,2,258.25,1,2,1,1,2,1,121,4,Lost Customers,3.6
15895,150,1,179.17,1,1,1,1,1,1,111,3,Lost Customers,4.0
15897,194,2,208.59,1,2,1,1,2,1,121,4,Lost Customers,3.6
15899,369,1,56.25,1,1,1,1,1,1,111,3,Lost Customers,4.0
15909,174,1,191.94,1,1,1,1,1,1,111,3,Lost Customers,4.0
15912,178,2,264.62,1,2,1,1,2,1,121,4,Lost Customers,3.6
15917,248,1,123.1,1,1,1,1,1,1,111,3,Lost Customers,4.0
15918,191,2,334.23,1,2,2,1,2,2,122,5,Lost Customers,3.6
15921,173,1,323.03000000000003,1,1,2,1,1,2,112,4,Lost Customers,4.0
15922,373,1,369.5,1,1,2,1,1,2,112,4,Lost Customers,4.0
15923,373,1,127.08,1,1,1,1,1,1,111,3,Lost Customers,4.0
15925,194,1,207.15,1,1,1,1,1,1,111,3,Lost Customers,4.0
15935,239,2,416.86,1,2,2,1,2,2,122,5,Lost Customers,3.6
15940,311,1,35.8,1,1,1,1,1,1,111,3,Lost Customers,4.0
15944,277,1,325.1,1,1,2,1,1,2,112,4,Lost Customers,4.0
15945,365,1,181.0,1,1,1,1,1,1,111,3,Lost Customers,4.0
15970,304,1,314.1,1,1,2,1,1,2,112,4,Lost Customers,4.0
15973,367,1,307.82000000000005,1,1,2,1,1,2,112,4,Lost Customers,4.0
15976,165,2,427.64,1,2,2,1,2,2,122,5,Lost Customers,3.6
16006,211,1,101.4,1,1,1,1,1,1,111,3,Lost Customers,4.0
16022,260,1,602.63,1,1,2,1,1,2,112,4,Lost Customers,4.0
16030,310,1,331.24,1,1,2,1,1,2,112,4,Lost Customers,4.0
16048,373,2,256.44,1,2,1,1,2,1,121,4,Lost Customers,3.6
16050,174,1,137.9,1,1,1,1,1,1,111,3,Lost Customers,4.0
16054,145,1,783.9,1,1,3,1,1,3,113,5,Lost Customers,4.0
16055,221,1,134.8,1,1,1,1,1,1,111,3,Lost Customers,4.0
16063,260,1,335.32,1,1,2,1,1,2,112,4,Lost Customers,4.0
16065,365,1,367.14,1,1,2,1,1,2,112,4,Lost Customers,4.0
16072,288,1,584.3199999999999,1,1,2,1,1,2,112,4,Lost Customers,4.0
16073,297,1,122.39999999999999,1,1,1,1,1,1,111,3,Lost Customers,4.0
16078,284,1,79.2,1,1,1,1,1,1,111,3,Lost Customers,4.0
16084,299,1,436.18,1,1,2,1,1,2,112,4,Lost Customers,4.0
16091,155,2,315.06,1,2,2,1,2,2,122,5,Lost Customers,3.6
16096,264,1,320.62,1,1,2,1,1,2,112,4,Lost Customers,4.0
16097,240,1,185.04999999999998,1,1,1,1,1,1,111,3,Lost Customers,4.0
16105,249,1,336.96,1,1,2,1,1,2,112,4,Lost Customers,4.0
16109,219,2,611.88,1,2,2,1,2,2,122,5,Lost Customers,3.6
16113,183,1,161.38,1,1,1,1,1,1,111,3,Lost Customers,4.0
16114,171,1,135.75000000000003,1,1,1,1,1,1,111,3,Lost Customers,4.0
16116,212,1,612.78,1,1,2,1,1,2,112,4,Lost Customers,4.0
16117,190,1,232.21,1,1,1,1,1,1,111,3,Lost Customers,4.0
16124,317,1,249.0,1,1,1,1,1,1,111,3,Lost Customers,4.0
16125,367,1,289.35,1,1,1,1,1,1,111,3,Lost Customers,4.0
16135,263,1,517.55,1,1,2,1,1,2,112,4,Lost Customers,4.0
16142,250,1,535.34,1,1,2,1,1,2,112,4,Lost Customers,4.0
16144,247,1,175.2,1,1,1,1,1,1,111,3,Lost Customers,4.0
16148,296,1,76.32000000000001,1,1,1,1,1,1,111,3,Lost Customers,4.0
16152,269,1,1829.04,1,1,4,1,1,4,114,6,Lost Customers,4.0
16159,282,1,348.2,1,1,2,1,1,2,112,4,Lost Customers,4.0
16162,252,1,37.4,1,1,1,1,1,1,111,3,Lost Customers,4.0
16163,232,2,856.6,1,2,3,1,2,3,123,6,Lost Customers,3.6
16193,237,1,314.45,1,1,2,1,1,2,112,4,Lost Customers,4.0
16202,361,1,365.27,1,1,2,1,1,2,112,4,Lost Customers,4.0
16216,267,1,914.9300000000001,1,1,3,1,1,3,113,5,Lost Customers,4.0
16217,235,2,304.25,1,2,1,1,2,1,121,4,Lost Customers,3.6
16222,318,1,773.5500000000001,1,1,3,1,1,3,113,5,Lost Customers,4.0
16227,225,1,314.22,1,1,2,1,1,2,112,4,Lost Customers,4.0
16230,190,2,542.03,1,2,2,1,2,2,122,5,Lost Customers,3.6
16244,212,2,1522.75,1,2,3,1,2,3,123,6,Lost Customers,3.6
16247,170,1,114.56,1,1,1,1,1,1,111,3,Lost Customers,4.0
16250,261,2,389.44,1,2,2,1,2,2,122,5,Lost Customers,3.6
16256,267,1,752.4300000000001,1,1,3,1,1,3,113,5,Lost Customers,4.0
16257,177,1,46.95,1,1,1,1,1,1,111,3,Lost Customers,4.0
16270,353,1,1141.24,1,1,3,1,1,3,113,5,Lost Customers,4.0
16274,373,1,351.75,1,1,2,1,1,2,112,4,Lost Customers,4.0
16275,197,1,559.87,1,1,2,1,1,2,112,4,Lost Customers,4.0
16276,177,1,810.6000000000001,1,1,3,1,1,3,113,5,Lost Customers,4.0
16282,340,1,168.3,1,1,1,1,1,1,111,3,Lost Customers,4.0
16287,170,1,142.5,1,1,1,1,1,1,111,3,Lost Customers,4.0
16297,269,1,301.9,1,1,1,1,1,1,111,3,Lost Customers,4.0
16315,331,1,226.37,1,1,1,1,1,1,111,3,Lost Customers,4.0
16319,218,1,404.40000000000003,1,1,2,1,1,2,112,4,Lost Customers,4.0
16320,172,2,1038.46,1,2,3,1,2,3,123,6,Lost Customers,3.6
16323,196,1,207.50000000000003,1,1,1,1,1,1,111,3,Lost Customers,4.0
16338,157,1,214.79999999999998,1,1,1,1,1,1,111,3,Lost Customers,4.0
16339,284,1,94.05,1,1,1,1,1,1,111,3,Lost Customers,4.0
16344,158,1,101.10000000000001,1,1,1,1,1,1,111,3,Lost Customers,4.0
16349,291,1,53.5,1,1,1,1,1,1,111,3,Lost Customers,4.0
16351,333,1,153.9,1,1,1,1,1,1,111,3,Lost Customers,4.0
16377,267,1,676.2,1,1,3,1,1,3,113,5,Lost Customers,4.0
16387,323,1,94.36,1,1,1,1,1,1,111,3,Lost Customers,4.0
16392,270,1,217.89,1,1,1,1,1,1,111,3,Lost Customers,4.0
16398,154,2,1705.8,1,2,4,1,2,4,124,7,Potential Loyalists,3.6
16402,265,2,293.45,1,2,1,1,2,1,121,4,Lost Customers,3.6
16403,312,1,177.5,1,1,1,1,1,1,111,3,Lost Customers,4.0
16405,302,2,167.25,1,2,1,1,2,1,121,4,Lost Customers,3.6
16424,191,1,133.56,1,1,1,1,1,1,111,3,Lost Customers,4.0
16425,302,1,302.7,1,1,1,1,1,1,111,3,Lost Customers,4.0
16427,263,2,241.06,1,2,1,1,2,1,121,4,Lost Customers,3.6
16448,198,1,182.99,1,1,1,1,1,1,111,3,Lost Customers,4.0
16449,198,2,707.69,1,2,3,1,2,3,123,6,Lost Customers,3.6
16450,150,1,311.92,1,1,2,1,1,2,112,4,Lost Customers,4.0
16457,218,1,208.36,1,1,1,1,1,1,111,3,Lost Customers,4.0
16461,178,1,142.92,1,1,1,1,1,1,111,3,Lost Customers,4.0
16471,275,1,223.95000000000002,1,1,1,1,1,1,111,3,Lost Customers,4.0
16483,192,1,139.35,1,1,1,1,1,1,111,3,Lost Customers,4.0
16484,174,2,404.3,1,2,2,1,2,2,122,5,Lost Customers,3.6
16494,297,1,826.53,1,1,3,1,1,3,113,5,Lost Customers,4.0
16498,161,2,100.97,1,2,1,1,2,1,121,4,Lost Customers,3.6
16499,360,2,365.45,1,2,2,1,2,2,122,5,Lost Customers,3.6
16509,297,1,363.7,1,1,2,1,1,2,112,4,Lost Customers,4.0
16510,372,1,248.1,1,1,1,1,1,1,111,3,Lost Customers,4.0
16517,277,1,162.7,1,1,1,1,1,1,111,3,Lost Customers,4.0
16526,172,1,290.36,1,1,1,1,1,1,111,3,Lost Customers,4.0
16529,190,1,455.25,1,1,2,1,1,2,112,4,Lost Customers,4.0
16545,165,1,339.3,1,1,2,1,1,2,112,4,Lost Customers,4.0
16546,291,2,787.15,1,2,3,1,2,3,123,6,Lost Customers,3.6
16552,243,2,379.73,1,2,2,1,2,2,122,5,Lost Customers,3.6
16565,364,1,173.7,1,1,1,1,1,1,111,3,Lost Customers,4.0
16567,194,2,865.6,1,2,3,1,2,3,123,6,Lost Customers,3.6
16581,183,1,105.84,1,1,1,1,1,1,111,3,Lost Customers,4.0
16583,374,1,233.45,1,1,1,1,1,1,111,3,Lost Customers,4.0
16586,249,1,463.95,1,1,2,1,1,2,112,4,Lost Customers,4.0
16587,232,1,225.15,1,1,1,1,1,1,111,3,Lost Customers,4.0
16598,286,1,145.04999999999998,1,1,1,1,1,1,111,3,Lost Customers,4.0
16610,219,1,75.66,1,1,1,1,1,1,111,3,Lost Customers,4.0
16611,186,1,129.49,1,1,1,1,1,1,111,3,Lost Customers,4.0
16614,183,1,506.19,1,2,2,1,2,2,122,5,Lost Customers,3.6
16617,236,1,151.85,1,2,1,1,2,1,121,4,Lost Customers,3.6
16619,264,1,226.21,1,2,1,1,2,1,121,4,Lost Customers,3.6
16623,246,1,129.45,1,2,1,1,2,1,121,4,Lost Customers,3.6
16625,275,1,333.08,1,2,2,1,2,2,122,5,Lost Customers,3.6
16634,223,2,217.9,1,2,1,1,2,1,121,4,Lost Customers,3.6
16643,246,1,487.51,1,2,2,1,2,2,122,5,Lost Customers,3.6
16644,178,2,833.78,1,2,3,1,2,3,123,6,Lost Customers,3.6
16647,170,2,214.06,1,2,1,1,2,1,121,4,Lost Customers,3.6
16658,368,1,123.24,1,2,1,1,2,1,121,4,Lost Customers,3.6
16659,189,1,39.12,1,2,1,1,2,1,121,4,Lost Customers,3.6
16665,362,1,135.39999999999998,1,2,1,1,2,1,121,4,Lost Customers,3.6
16679,366,1,129.75,1,2,1,1,2,1,121,4,Lost Customers,3.6
16692,256,2,1276.0,1,2,3,1,2,3,123,6,Lost Customers,3.6
16697,241,1,112.75,1,2,1,1,2,1,121,4,Lost Customers,3.6
16698,227,2,1998.0,1,2,4,1,2,4,124,7,Potential Loyalists,3.6
16716,267,2,901.2,1,2,3,1,2,3,123,6,Lost Customers,3.6
16718,369,1,606.0500000000001,1,2,2,1,2,2,122,5,Lost Customers,3.6
16721,262,1,292.47,1,2,1,1,2,1,121,4,Lost Customers,3.6
16727,364,1,256.32,1,2,1,1,2,1,121,4,Lost Customers,3.6
16738,298,1,3.75,1,2,1,1,2,1,121,4,Lost Customers,3.6
16739,177,1,323.0,1,2,2,1,2,2,122,5,Lost Customers,3.6
16752,373,1,207.5,1,2,1,1,2,1,121,4,Lost Customers,3.6
16754,372,1,2002.4,1,2,4,1,2,4,124,7,Potential Loyalists,3.6
16756,215,1,239.4,1,2,1,1,2,1,121,4,Lost Customers,3.6
16757,319,1,106.83000000000001,1,2,1,1,2,1,121,4,Lost Customers,3.6
16763,199,1,611.85,1,2,2,1,2,2,122,5,Lost Customers,3.6
16765,294,1,34.0,1,2,1,1,2,1,121,4,Lost Customers,3.6
16766,273,2,1145.6,1,2,3,1,2,3,123,6,Lost Customers,3.6
16769,260,1,361.54,1,2,2,1,2,2,122,5,Lost Customers,3.6
16781,372,1,311.25,1,2,2,1,2,2,122,5,Lost Customers,3.6
16792,282,2,110.38000000000001,1,2,1,1,2,1,121,4,Lost Customers,3.6
16795,365,1,414.88,1,2,2,1,2,2,122,5,Lost Customers,3.6
16805,174,2,460.59,1,2,2,1,2,2,122,5,Lost Customers,3.6
16810,192,1,309.54,1,2,2,1,2,2,122,5,Lost Customers,3.6
16812,361,1,479.35,1,2,2,1,2,2,122,5,Lost Customers,3.6
16823,227,1,358.38,1,2,2,1,2,2,122,5,Lost Customers,3.6
16829,157,1,197.22,1,2,1,1,2,1,121,4,Lost Customers,3.6
16834,228,1,413.46,1,2,2,1,2,2,122,5,Lost Customers,3.6
16838,197,2,588.85,1,2,2,1,2,2,122,5,Lost Customers,3.6
16849,187,1,124.57,1,2,1,1,2,1,121,4,Lost Customers,3.6
16850,334,1,332.41,1,2,2,1,2,2,122,5,Lost Customers,3.6
16858,369,1,375.69000000000005,1,2,2,1,2,2,122,5,Lost Customers,3.6
16859,145,2,747.81,1,2,3,1,2,3,123,6,Lost Customers,3.6
16883,187,2,272.48,1,2,1,1,2,1,121,4,Lost Customers,3.6
16893,367,1,145.93,1,2,1,1,2,1,121,4,Lost Customers,3.6
16897,299,2,289.78,1,2,1,1,2,1,121,4,Lost Customers,3.6
16913,290,1,113.44,1,2,1,1,2,1,121,4,Lost Customers,3.6
16917,277,1,391.52,1,2,2,1,2,2,122,5,Lost Customers,3.6
16926,371,1,230.25,1,2,1,1,2,1,121,4,Lost Customers,3.6
16947,236,1,406.48,1,2,2,1,2,2,122,5,Lost Customers,3.6
16957,239,2,416.64,1,2,2,1,2,2,122,5,Lost Customers,3.6
16963,187,1,110.55000000000001,1,2,1,1,2,1,121,4,Lost Customers,3.6
16965,227,1,201.19,1,2,1,1,2,1,121,4,Lost Customers,3.6
16967,189,1,319.02,1,2,2,1,2,2,122,5,Lost Customers,3.6
16976,267,1,251.51999999999998,1,2,1,1,2,1,121,4,Lost Customers,3.6
16980,255,2,1028.46,1,2,3,1,2,3,123,6,Lost Customers,3.6
16990,219,1,179.0,1,2,1,1,2,1,121,4,Lost Customers,3.6
17026,185,2,154.82999999999998,1,2,1,1,2,1,121,4,Lost Customers,3.6
17035,246,2,433.53000000000003,1,2,2,1,2,2,122,5,Lost Customers,3.6
17046,157,1,642.02,1,2,2,1,2,2,122,5,Lost Customers,3.6
17051,194,1,240.89000000000001,1,2,1,1,2,1,121,4,Lost Customers,3.6
17060,266,1,234.24,1,2,1,1,2,1,121,4,Lost Customers,3.6
17094,322,1,302.0,1,2,1,1,2,1,121,4,Lost Customers,3.6
17102,262,1,25.5,1,2,1,1,2,1,121,4,Lost Customers,3.6
17105,159,2,665.78,1,2,2,1,2,2,122,5,Lost Customers,3.6
17110,165,1,163.29999999999998,1,2,1,1,2,1,121,4,Lost Customers,3.6
17117,288,1,116.19999999999999,1,2,1,1,2,1,121,4,Lost Customers,3.6
17118,318,1,157.02,1,2,1,1,2,1,121,4,Lost Customers,3.6
17120,233,1,307.46,1,2,2,1,2,2,122,5,Lost Customers,3.6
17123,162,1,345.29999999999995,1,2,2,1,2,2,122,5,Lost Customers,3.6
17124,185,1,294.24,1,2,1,1,2,1,121,4,Lost Customers,3.6
17128,335,1,157.09,1,2,1,1,2,1,121,4,Lost Customers,3.6
17138,276,1,380.5,1,2,2,1,2,2,122,5,Lost Customers,3.6
17140,247,1,454.12,1,2,2,1,2,2,122,5,Lost Customers,3.6
17142,239,1,579.0,1,2,2,1,2,2,122,5,Lost Customers,3.6
17165,284,1,158.68,1,2,1,1,2,1,121,4,Lost Customers,3.6
17171,289,1,224.91,1,2,1,1,2,1,121,4,Lost Customers,3.6
17174,218,1,59.9,1,2,1,1,2,1,121,4,Lost Customers,3.6
17176,202,1,306.13,1,2,1,1,2,1,121,4,Lost Customers,3.6
17187,227,1,203.95,1,2,1,1,2,1,121,4,Lost Customers,3.6
17212,253,1,226.85,1,2,1,1,2,1,121,4,Lost Customers,3.6
17217,234,1,113.5,1,2,1,1,2,1,121,4,Lost Customers,3.6
17226,309,1,393.49,1,2,2,1,2,2,122,5,Lost Customers,3.6
17234,183,1,149.89000000000001,1,2,1,1,2,1,121,4,Lost Customers,3.6
17239,313,1,382.5,1,2,2,1,2,2,122,5,Lost Customers,3.6
17245,205,1,171.45,1,2,1,1,2,1,121,4,Lost Customers,3.6
17251,363,1,269.83,1,2,1,1,2,1,121,4,Lost Customers,3.6
17263,208,1,63.440000000000005,1,2,1,1,2,1,121,4,Lost Customers,3.6
17278,241,1,246.04,1,2,1,1,2,1,121,4,Lost Customers,3.6
17291,308,1,550.8000000000001,1,2,2,1,2,2,122,5,Lost Customers,3.6
17303,361,1,250.04,1,2,1,1,2,1,121,4,Lost Customers,3.6
17325,280,1,96.8,1,2,1,1,2,1,121,4,Lost Customers,3.6
17343,355,1,193.64,1,2,1,1,2,1,121,4,Lost Customers,3.6
17349,179,1,98.25,1,2,1,1,2,1,121,4,Lost Customers,3.6
17356,312,1,178.22,1,2,1,1,2,1,121,4,Lost Customers,3.6
17367,238,1,167.55,1,2,1,1,2,1,121,4,Lost Customers,3.6
17394,219,1,203.86999999999998,1,2,1,1,2,1,121,4,Lost Customers,3.6
17408,163,1,32.65,1,2,1,1,2,1,121,4,Lost Customers,3.6
17431,313,1,403.3,1,2,2,1,2,2,122,5,Lost Customers,3.6
17438,254,1,388.45000000000005,1,2,2,1,2,2,122,5,Lost Customers,3.6
17443,220,1,534.24,1,2,2,1,2,2,122,5,Lost Customers,3.6
17455,204,1,131.7,1,2,1,1,2,1,121,4,Lost Customers,3.6
17456,365,1,249.86,1,2,1,1,2,1,121,4,Lost Customers,3.6
17464,158,1,289.96000000000004,1,2,1,1,2,1,121,4,Lost Customers,3.6
17486,261,1,396.87,1,2,2,1,2,2,122,5,Lost Customers,3.6
17492,248,1,374.57,1,2,2,1,2,2,122,5,Lost Customers,3.6
17496,359,1,271.05,1,2,1,1,2,1,121,4,Lost Customers,3.6
17499,290,1,622.88,1,2,2,1,2,2,122,5,Lost Customers,3.6
17508,281,1,387.31,1,2,2,1,2,2,122,5,Lost Customers,3.6
17517,309,1,153.94,1,2,1,1,2,1,121,4,Lost Customers,3.6
17524,361,1,145.0,1,2,1,1,2,1,121,4,Lost Customers,3.6
17525,360,1,422.70000000000005,1,2,2,1,2,2,122,5,Lost Customers,3.6
17531,190,1,296.7,1,2,1,1,2,1,121,4,Lost Customers,3.6
17535,280,1,164.4,1,2,1,1,2,1,121,4,Lost Customers,3.6
17536,177,1,76.5,1,2,1,1,2,1,121,4,Lost Customers,3.6
17542,270,1,170.75,1,2,1,1,2,1,121,4,Lost Customers,3.6
17548,234,1,103.3,1,2,1,1,2,1,121,4,Lost Customers,3.6
17551,359,1,290.34,1,2,1,1,2,1,121,4,Lost Customers,3.6
17556,206,1,157.9,1,2,1,1,2,1,121,4,Lost Customers,3.6
17569,332,1,344.14,1,2,2,1,2,2,122,5,Lost Customers,3.6
17574,243,1,185.65,1,2,1,1,2,1,121,4,Lost Customers,3.6
17578,218,1,143.45999999999998,1,2,1,1,2,1,121,4,Lost Customers,3.6
17582,236,1,175.27,1,2,1,1,2,1,121,4,Lost Customers,3.6
17597,214,1,2044.3700000000001,1,2,4,1,2,4,124,7,Potential Loyalists,3.6
17601,239,1,116.00999999999999,1,2,1,1,2,1,121,4,Lost Customers,3.6
17619,312,1,214.37,1,2,1,1,2,1,121,4,Lost Customers,3.6
17639,276,1,108.5,1,2,1,1,2,1,121,4,Lost Customers,3.6
17643,373,1,101.55,1,2,1,1,2,1,121,4,Lost Customers,3.6
17654,277,1,117.55,1,2,1,1,2,1,121,4,Lost Customers,3.6
17670,228,1,205.7,1,2,1,1,2,1,121,4,Lost Customers,3.6
17678,264,1,298.11,1,2,1,1,2,1,121,4,Lost Customers,3.6
17697,236,1,338.95,1,2,2,1,2,2,122,5,Lost Customers,3.6
17698,261,1,154.95,1,2,1,1,2,1,121,4,Lost Customers,3.6
17701,253,1,417.95,1,2,2,1,2,2,122,5,Lost Customers,3.6
17709,170,1,137.45,1,2,1,1,2,1,121,4,Lost Customers,3.6
17714,321,1,153.0,1,2,1,1,2,1,121,4,Lost Customers,3.6
17715,201,1,326.4,1,2,2,1,2,2,122,5,Lost Customers,3.6
17718,232,1,139.35,1,2,1,1,2,1,121,4,Lost Customers,3.6
17732,373,1,303.97,1,2,1,1,2,1,121,4,Lost Customers,3.6
17746,240,1,110.25,1,2,1,1,2,1,121,4,Lost Customers,3.6
17752,359,1,80.64,1,2,1,1,2,1,121,4,Lost Customers,3.6
17763,263,1,15.0,1,2,1,1,2,1,121,4,Lost Customers,3.6
17775,255,1,56.4,1,2,1,1,2,1,121,4,Lost Customers,3.6
17789,281,1,225.9,1,2,1,1,2,1,121,4,Lost Customers,3.6
17829,299,1,889.24,1,2,3,1,2,3,123,6,Lost Customers,3.6
17843,303,1,205.48,1,2,1,1,2,1,121,4,Lost Customers,3.6
17855,373,1,208.97,1,2,1,1,2,1,121,4,Lost Customers,3.6
17859,305,1,141.92000000000002,1,2,1,1,2,1,121,4,Lost Customers,3.6
17860,369,1,226.45000000000002,1,2,1,1,2,1,121,4,Lost Customers,3.6
17862,324,1,330.9,1,2,2,1,2,2,122,5,Lost Customers,3.6
17866,143,1,329.65,1,2,2,1,2,2,122,5,Lost Customers,3.6
17871,205,1,155.9,1,2,1,1,2,1,121,4,Lost Customers,3.6
17877,170,1,237.61,1,2,1,1,2,1,121,4,Lost Customers,3.6
17879,174,1,178.51999999999998,1,2,1,1,2,1,121,4,Lost Customers,3.6
17880,365,1,458.92,1,2,2,1,2,2,122,5,Lost Customers,3.6
17881,304,1,133.35000000000002,1,2,1,1,2,1,121,4,Lost Customers,3.6
17891,162,1,203.85999999999999,1,2,1,1,2,1,121,4,Lost Customers,3.6
17893,225,1,107.21,1,2,1,1,2,1,121,4,Lost Customers,3.6
17899,159,1,154.55,1,2,1,1,2,1,121,4,Lost Customers,3.6
17906,247,1,72.9,1,2,1,1,2,1,121,4,Lost Customers,3.6
17908,374,1,232.03,1,2,1,1,2,1,121,4,Lost Customers,3.6
17923,282,1,207.50000000000003,1,2,1,1,2,1,121,4,Lost Customers,3.6
17925,373,1,244.08,1,2,1,1,2,1,121,4,Lost Customers,3.6
17939,160,1,99.14,1,2,1,1,2,1,121,4,Lost Customers,3.6
17948,147,1,358.56000000000006,1,2,2,1,2,2,122,5,Lost Customers,3.6
17956,249,1,12.75,1,2,1,1,2,1,121,4,Lost Customers,3.6
17960,171,1,73.78,1,2,1,1,2,1,121,4,Lost Customers,3.6
17967,372,1,112.27,1,2,1,1,2,1,121,4,Lost Customers,3.6
17968,374,1,265.1,1,2,1,1,2,1,121,4,Lost Customers,3.6
17970,211,1,562.79,1,2,2,1,2,2,122,5,Lost Customers,3.6
17972,242,1,135.19,1,2,1,1,2,1,121,4,Lost Customers,3.6
17976,372,1,321.79,1,2,2,1,2,2,122,5,Lost Customers,3.6
17978,365,1,300.91999999999996,1,2,1,1,2,1,121,4,Lost Customers,3.6
17984,145,1,152.68,1,2,1,1,2,1,121,4,Lost Customers,3.6
17987,185,1,198.57,1,2,1,1,2,1,121,4,Lost Customers,3.6
17995,282,1,76.1,1,2,1,1,2,1,121,4,Lost Customers,3.6
18004,362,1,157.92,1,2,1,1,2,1,121,4,Lost Customers,3.6
18009,235,1,247.39,1,2,1,1,2,1,121,4,Lost Customers,3.6
18010,257,1,174.8,1,2,1,1,2,1,121,4,Lost Customers,3.6
18011,373,1,102.78999999999999,1,2,1,1,2,1,121,4,Lost Customers,3.6
18032,334,1,73.5,1,2,1,1,2,1,121,4,Lost Customers,3.6
18050,359,1,74.4,1,2,1,1,2,1,121,4,Lost Customers,3.6
18056,288,1,363.65,1,2,2,1,2,2,122,5,Lost Customers,3.6
18068,289,1,101.69999999999999,1,2,1,1,2,1,121,4,Lost Customers,3.6
18072,186,1,247.44,1,2,1,1,2,1,121,4,Lost Customers,3.6
18074,374,1,489.6,1,2,2,1,2,2,122,5,Lost Customers,3.6
18086,274,1,101.34,1,2,1,1,2,1,121,4,Lost Customers,3.6
18106,330,1,421.9,1,2,2,1,2,2,122,5,Lost Customers,3.6
18108,254,1,271.0,1,2,1,1,2,1,121,4,Lost Customers,3.6
18113,369,1,76.32000000000001,1,2,1,1,2,1,121,4,Lost Customers,3.6
18114,290,1,220.1,1,2,1,1,2,1,121,4,Lost Customers,3.6
18119,368,1,180.7,1,2,1,1,2,1,121,4,Lost Customers,3.6
18120,214,1,111.15,1,2,1,1,2,1,121,4,Lost Customers,3.6
18129,243,1,112.55000000000001,1,2,1,1,2,1,121,4,Lost Customers,3.6
18133,212,1,931.4999999999999,1,2,3,1,2,3,123,6,Lost Customers,3.6
18138,295,1,152.65,1,2,1,1,2,1,121,4,Lost Customers,3.6
18159,301,1,530.15,1,2,2,1,2,2,122,5,Lost Customers,3.6
18165,177,1,302.46000000000004,1,2,1,1,2,1,121,4,Lost Customers,3.6
18176,358,1,476.35,1,2,2,1,2,2,122,5,Lost Customers,3.6
18185,249,1,304.25,1,2,1,1,2,1,121,4,Lost Customers,3.6
18191,262,1,207.79999999999998,1,2,1,1,2,1,121,4,Lost Customers,3.6
18193,165,1,243.76,1,2,1,1,2,1,121,4,Lost Customers,3.6
18203,157,1,160.42000000000002,1,2,1,1,2,1,121,4,Lost Customers,3.6
18212,326,1,216.07,1,2,1,1,2,1,121,4,Lost Customers,3.6
18213,237,1,232.48000000000002,1,2,1,1,2,1,121,4,Lost Customers,3.6
18220,227,1,305.28000000000003,1,2,1,1,2,1,121,4,Lost Customers,3.6
18224,264,1,158.95000000000002,1,2,1,1,2,1,121,4,Lost Customers,3.6
18227,218,1,93.75,1,2,1,1,2,1,121,4,Lost Customers,3.6
18233,326,1,440.0,1,2,2,1,2,2,122,5,Lost Customers,3.6
18250,310,1,349.27,1,2,2,1,2,2,122,5,Lost Customers,3.6
18269,366,1,168.6,1,2,1,1,2,1,121,4,Lost Customers,3.6
18280,278,1,180.60000000000002,1,2,1,1,2,1,121,4,Lost Customers,3.6
18281,181,1,80.82,1,2,1,1,2,1,121,4,Lost Customers,3.6
